{
    "ks1": {
        "sounds": [
            {"name": "ks:ks1"}
        ]
    },
	"ks2": {
        "sounds": [
            {"name": "ks:ks2"}
        ]
    },
	"ks3": {
        "sounds": [
            {"name": "ks:ks3"}
        ]
    },
	"ks4": {
        "sounds": [
            {"name": "ks:ks4"}
        ]
    },
	"ks5": {
        "sounds": [
            {"name": "ks:ks5"}
        ]
    },
	"ks6": {
        "sounds": [
            {"name": "ks:ks6"}
        ]
    },
	"ks7": {
        "sounds": [
            {"name": "ks:ks7"}
        ]
    }
}